INSERT INTO kalah (kalah_id, seeds) VALUES ('00000000-0000-0000-0000-000000000000', 3);
INSERT INTO kalah (kalah_id, seeds) VALUES ('00000000-0000-0000-0000-000000000001', 5);
INSERT INTO player (player_id, name, type, kalah_id) VALUES ('00000000-0000-0000-0000-000000000000', 'south', 'SOUTH', '00000000-0000-0000-0000-000000000000');
INSERT INTO player (player_id, name, type, kalah_id) VALUES ('00000000-0000-0000-0000-000000000001', 'north', 'NORTH', '00000000-0000-0000-0000-000000000001');
INSERT INTO pit (pit_id, index, owner, own_seeds, rival_seeds) VALUES ('00000000-0000-0000-0000-000000000000', 0, '00000000-0000-0000-0000-000000000000', 0, 0);
INSERT INTO pit (pit_id, index, owner, own_seeds, rival_seeds) VALUES ('00000000-0000-0000-0000-000000000001', 1, '00000000-0000-0000-0000-000000000000', 0, 0);
INSERT INTO pit (pit_id, index, owner, own_seeds, rival_seeds) VALUES ('00000000-0000-0000-0000-000000000002', 2, '00000000-0000-0000-0000-000000000000', 0, 0);
INSERT INTO pit (pit_id, index, owner, own_seeds, rival_seeds) VALUES ('00000000-0000-0000-0000-000000000003', 3, '00000000-0000-0000-0000-000000000000', 2, 1);
INSERT INTO pit (pit_id, index, owner, own_seeds, rival_seeds) VALUES ('00000000-0000-0000-0000-000000000004', 4, '00000000-0000-0000-0000-000000000000', 0, 0);
INSERT INTO pit (pit_id, index, owner, own_seeds, rival_seeds) VALUES ('00000000-0000-0000-0000-000000000005', 5, '00000000-0000-0000-0000-000000000000', 0, 0);
INSERT INTO pit (pit_id, index, owner, own_seeds, rival_seeds) VALUES ('00000000-0000-0000-0000-000000000010', 0, '00000000-0000-0000-0000-000000000001', 2, 0);
INSERT INTO board (board_id, south, north, current_player) VALUES ('00000000-0000-0000-0000-000000000000', '00000000-0000-0000-0000-000000000000', '00000000-0000-0000-0000-000000000001', '00000000-0000-0000-0000-000000000000');
INSERT INTO game (game_id, status, board) VALUES ('00000000-0000-0000-0000-000000000000', 'STARTED', '00000000-0000-0000-0000-000000000000');
INSERT INTO game (game_id, status, board) VALUES ('00000000-0000-0000-0000-000000000001', 'DRAW', '00000000-0000-0000-0000-000000000000');

-- last move scenario
INSERT INTO kalah (kalah_id, seeds) VALUES ('00000000-0000-0000-0000-000000000020', 3);
INSERT INTO kalah (kalah_id, seeds) VALUES ('00000000-0000-0000-0000-000000000021', 3);
INSERT INTO player (player_id, name, type, kalah_id) VALUES ('00000000-0000-0000-0000-000000000020', 'south', 'SOUTH', '00000000-0000-0000-0000-000000000020');
INSERT INTO player (player_id, name, type, kalah_id) VALUES ('00000000-0000-0000-0000-000000000021', 'north', 'NORTH', '00000000-0000-0000-0000-000000000021');
-- south pits
INSERT INTO pit (pit_id, index, owner, own_seeds, rival_seeds) VALUES ('00000000-0000-0000-0000-000000000021', 0, '00000000-0000-0000-0000-000000000020', 0, 0);
INSERT INTO pit (pit_id, index, owner, own_seeds, rival_seeds) VALUES ('00000000-0000-0000-0000-000000000022', 1, '00000000-0000-0000-0000-000000000020', 0, 0);
INSERT INTO pit (pit_id, index, owner, own_seeds, rival_seeds) VALUES ('00000000-0000-0000-0000-000000000020', 2, '00000000-0000-0000-0000-000000000020', 1, 0);
INSERT INTO pit (pit_id, index, owner, own_seeds, rival_seeds) VALUES ('00000000-0000-0000-0000-000000000023', 3, '00000000-0000-0000-0000-000000000020', 1, 0);
INSERT INTO pit (pit_id, index, owner, own_seeds, rival_seeds) VALUES ('00000000-0000-0000-0000-000000000024', 4, '00000000-0000-0000-0000-000000000020', 1, 0);
INSERT INTO pit (pit_id, index, owner, own_seeds, rival_seeds) VALUES ('00000000-0000-0000-0000-000000000025', 5, '00000000-0000-0000-0000-000000000020', 1, 0);
-- north pits
INSERT INTO pit (pit_id, index, owner, own_seeds, rival_seeds) VALUES ('00000000-0000-0000-0000-000000000026', 0, '00000000-0000-0000-0000-000000000021', 0, 0);
INSERT INTO pit (pit_id, index, owner, own_seeds, rival_seeds) VALUES ('00000000-0000-0000-0000-000000000027', 1, '00000000-0000-0000-0000-000000000021', 0, 1);
INSERT INTO pit (pit_id, index, owner, own_seeds, rival_seeds) VALUES ('00000000-0000-0000-0000-000000000028', 2, '00000000-0000-0000-0000-000000000021', 0, 2);
INSERT INTO pit (pit_id, index, owner, own_seeds, rival_seeds) VALUES ('00000000-0000-0000-0000-000000000029', 3, '00000000-0000-0000-0000-000000000021', 0, 0);
INSERT INTO pit (pit_id, index, owner, own_seeds, rival_seeds) VALUES ('00000000-0000-0000-0000-000000000030', 4, '00000000-0000-0000-0000-000000000021', 0, 0);
INSERT INTO pit (pit_id, index, owner, own_seeds, rival_seeds) VALUES ('00000000-0000-0000-0000-000000000031', 5, '00000000-0000-0000-0000-000000000021', 1, 0);
-- board and game
INSERT INTO board (board_id, south, north, current_player) VALUES ('00000000-0000-0000-0000-000000000020', '00000000-0000-0000-0000-000000000020', '00000000-0000-0000-0000-000000000021', '00000000-0000-0000-0000-000000000021');
INSERT INTO game (game_id, status, board) VALUES ('00000000-0000-0000-0000-000000000020', 'STARTED', '00000000-0000-0000-0000-000000000020');
